<?xml version="1.0" encoding="UTF-8"?>
<!DOCTYPE struts PUBLIC
        "-//Apache Software Foundation//DTD Struts Configuration 2.5//EN"
        "http://struts.apache.org/dtds/struts-2.5.dtd">
<struts>
    <constant name="struts.devMode" value="true" />
    <constant name="struts.enable.DynamicMethodInvocation" value="true"/>
    <constant name="struts.custom.i18n.resources" value="mesTextes"/>
    <constant name="struts.i18n.encoding" value="UTF-8"/>
    <bean class="modele.CalculatriceDynamiqueDuFuturImpl" type="modele.CalculatriceDynamiqueDuFutur" scope="singleton" name="facadeCalculatrice"/>
    <bean class="modele.FacadeModele" type="modele.FacadeModele" scope="singleton" name="facadeGestionEtudiant"/>

    <package name="default" namespace="/" extends="struts-default">

        <default-action-ref name="accueil"/>
        <action name="accueil">
            <result>/WEB-INF/pages/pageAccueil.jsp</result>
        </action>

        <action name="goToConnexion">
            <result>/WEB-INF/pages/connexion.jsp</result>
        </action>
        <action name="goToCalculatriceStatique"  class="action.PreparerListeOperation">
            <result name="success">/WEB-INF/pages/calcStatique.jsp</result>
        </action>

        <action name="calculStatique" class="action.CalculStatique">
            <result name="input">/WEB-INF/pages/calcStatique.jsp</result>
            <result name="success">/WEB-INF/pages/resultat.jsp</result>
        </action>


        <action name="goToCalculatriceDynamique" class="action.PreparerListeOperationDynamique">
            <result> /WEB-INF/pages/calcDynamique.jsp</result>
        </action>

        <action name="validerCalculatriceDynamique" class="action.CalculDynamique">
            <result name="success">/WEB-INF/pages/calcDynamique.jsp</result>
            <result name="input">/WEB-INF/pages/calcDynamique.jsp</result>
        </action>

        <action name="validerSaisie" class="action.Saisie">
            <result name="success">/WEB-INF/pages/recapitulatifSaisie.jsp</result>
            <result name="input">/WEB-INF/pages/connexion.jsp</result>
        </action>

        <action name="goTolisteEtudiants" class="action.PreparerListeEtudiant">
            <result> /WEB-INF/pages/listeEtudiants.jsp</result>
        </action>

    </package>

</struts>